<?xml version="1.0" encoding="utf-8"?>
<rss version="2.0">
	<channel>
		<pubDate>2012-05-10 09:59:44</pubDate>


		<item>
			<guid isPermaLink="true">2320681</guid>
			<title><![CDATA[兰州、张掖两地彩民各摘大奖5万]]></title>
			<link>../../../html/phone/news/3d/2320681.shtml</link>
			<logo>../../../upload/Image/mrtp/1.png</logo>
			<author>周涛</author>
			<pubDate>2012-05-10 09:52:12</pubDate>
			<source>甘肃福彩</source>
			<summary><![CDATA[福彩3D第2012122期开奖，开出奖号585，继上期甘肃省彩民揽获大奖后，当期甘肃省兰州、张掖两地彩民延续好运各喜获3D大奖5万元。 据了解，这两位中奖彩民均是通过一张100元直选50倍倍投彩票斩获大奖5万元，中出大奖的投注站分别是兰州市永登县秦川镇五道岘村62017012号投注站和张掖市甘州区上秦镇下安四社62220169号投注站。]]></summary>
		</item>

		<item>
			<guid isPermaLink="true">2320679</guid>
			<title><![CDATA[韶关：购买双色球 全国任您游]]></title>
			<link>../../../html/phone/news/ssq/2320679.shtml</link>
			<logo>../../../upload/Image/mrtp/2.png</logo>
			<author>周涛</author>
			<pubDate>2012-05-10 09:49:45</pubDate>
			<source>新快报</source>
			<summary><![CDATA[近年彩票促销屡打旅游牌，但韶关福彩近日的双色球促销搞搞新意思，不组织彩民定点旅游，而是直接送3000元旅游券，中奖彩民想去哪里自己说了算。 据了解，为感谢广大彩民对福利彩票的支持，从2012年5月10日起至6月30日，韶关福彩隆重推出“福彩双色球，全国任您游”活动。]]></summary>
		</item>

		<item>
			<guid isPermaLink="true">2319797</guid>
			<title><![CDATA[七乐彩派奖西安彩民中237万]]></title>
			<link>../../../html/phone/news/qlc/2319797.shtml</link>
			<logo>../../../upload/Image/mrtp/3.png</logo>
			<author>周涛</author>
			<pubDate>2012-05-09 10:22:56</pubDate>
			<source>陕西福彩</source>
			<summary><![CDATA[按中奖注数均分后单注特别奖奖金超过500万元，则派奖活动继续，直至派完为止，但不再增加新的派奖奖金。 5月4日，刚刚传来七乐彩派奖喜讯，我省彩民就中得一注七乐彩第2012051期一等奖。当期全国中出1注大奖，单注奖金高达237万元，花落我省西安市昆明路的福彩61011660号投注站。据检索，中奖彩票同样为5注单式，自选投注。]]></summary>
		</item>

		<item>
			<guid isPermaLink="true">2319795</guid>
			<title><![CDATA[广东1彩民或错失双色球3.25亿]]></title>
			<link>../../../html/phone/news/ssq/2319795.shtml</link>
			<logo>../../../upload/Image/mrtp/4.png</logo>
			<author>周涛</author>
			<pubDate>2012-05-09 10:21:08</pubDate>
			<source>新浪体育</source>
			<summary><![CDATA[北京时间2012年05月08日晚，福利彩票双色球第2012053期开奖，当期开出的奖号为：红球 04 15 22 25 27 33；蓝球 04。一等奖开出1注足额1000万，被黑龙江彩民获得；二等奖140注，每注奖金238588元。广东独揽65注！很可能为1彩民错失3.25亿巨奖！本期销量3.42亿，计奖结束后，奖池余额突破7亿，达到7.12亿！]]></summary>
		</item>

		<item>
			<guid isPermaLink="true">2307679</guid>
			<title><![CDATA[3岁开始漂泊中奖后终可回家]]></title>
			<link>../../../html/phone/news/ssq/2307679.shtml</link>
			<logo>../../../upload/Image/mrtp/5.png</logo>
			<author>周涛</author>
			<pubDate>2012-05-08 10:41:20</pubDate>
			<source>中彩网</source>
			<summary><![CDATA[在4月24日晚开奖的第12047期双色球中，惠州惠城区江北文昌一路8-14第44080154号投注站中得1注752万多元一等奖，中奖者直到5月4日上午才在父母的陪同下现身办理兑奖手续。这位幸运的90后小伙说自己3岁就随父母四处打工漂泊，得悉中奖的一刻，他第一时间跑到江边无人处，大喊一声“可以回老家啦！” 据了解，小陈一家人到惠州工作仅两年多的时间。]]></summary>
		</item>

		<item>
			<guid isPermaLink="true">2307066</guid>
			<title><![CDATA[双色球668万大奖彩票寄存一宿]]></title>
			<link>../../../html/phone/news/ssq/2307066.shtml</link>
			<logo>../../../upload/Image/mrtp/6.png</logo>
			<author>周涛</author>
			<pubDate>2012-05-07 11:48:08</pubDate>
			<source>中彩网</source>
			<summary><![CDATA[第二天一大早，陈先生送孩子上学后回到家里，看看时间还早，就随手打开电脑，一边查询双色球中奖结果，一边与自己留底的投注号码比对，感觉有点面熟。将信将疑的他立即前往投注站看个究竟。此时黄骅市福彩中心的工作人员已经来到投注站报喜，与此同时，彩民也开始陆续上门道贺。陈先生忙不迭地找郑站长，郑站长外出买鞭炮了；他又急忙找销售员，请她拿出代为保管的彩票查验，并递上前两期欠下的彩票款。]]></summary>
		</item>

		<item>
			<guid isPermaLink="true">2305846</guid>
			<title><![CDATA[兰州市两彩民幸运摘得福彩3D大奖]]></title>
			<link>../../../html/phone/news/3d/2305846.shtml</link>
			<logo>../../../upload/Image/mrtp/7.png</logo>
			<author>周涛</author>
			<pubDate>2012-05-04 10:51:01</pubDate>
			<source>甘肃福彩</source>
			<summary><![CDATA[福彩3D第2012116期开出奖号339，甘肃省兰州两彩民喜获3D大奖，其中一幸运彩民独揽大奖10万元，成为当期最大的赢家，另一彩民喜获大奖5万元。]]></summary>
		</item>

		<item>
			<guid isPermaLink="true">2305828</guid>
			<title><![CDATA[彩民10元揽获双色球752万元大奖]]></title>
			<link>../../../html/phone/news/ssq/2305828.shtml</link>
			<logo>../../../upload/Image/mrtp/8.png</logo>
			<author>周涛</author>
			<pubDate>2012-05-04 10:49:08</pubDate>
			<source>贵州福彩</source>
			<summary><![CDATA[4月26日，中得双色球2012047期一等奖的贵阳彩民来到贵州省中心兑奖室领奖。4月24日，双色球第2012047期开奖，当期双色球在贵州省“走近双色球？走近3D”观摩团的亲身见证下，开出了6注一等奖，单注奖金达752.2813万元，由全国5省市幸运彩民分享，其中贵州省彩民幸运获得2注，由贵阳和遵义两地彩民摘得。 据刘先生说，中奖的这5注号码，是老两口长年购买的。]]></summary>
		</item>

		<item>
			<guid isPermaLink="true">2304984</guid>
			<title><![CDATA[868万元一等奖喜降湖城银川]]></title>
			<link>../../../html/phone/news/ssq/2304984.shtml</link>
			<logo>../../../upload/Image/mrtp/9.png</logo>
			<author>周涛</author>
			<pubDate>2012-05-03 10:21:49</pubDate>
			<source>宁夏福彩</source>
			<summary><![CDATA[4月29日晚，伴随着双色球第2012049期开奖顺利结束，又1注双色球一等奖喜落宁夏的好消息，犹如一枚庆典礼炮“炸响”在宁夏彩市上空，提前预热了五一小长假的欢快节日气氛。 对于中奖者，汪先生表示每天到站点买彩票的人很多，买这种7+1复式的彩民也为数不少，所以他对中奖者没有太多印象。自从大奖中出后，每天都会有不少彩民打听中奖者的消息，还有很多彩民改变原来单式投注的购彩方式变为复式投注。]]></summary>
		</item>

		<item>
			<guid isPermaLink="true">2304986</guid>
			<title><![CDATA[甘肃四地彩民喜摘3D游戏大奖]]></title>
			<link>../../../html/phone/news/3d/2304986.shtml</link>
			<logo>../../../upload/Image/mrtp/10.png</logo>
			<author>周涛</author>
			<pubDate>2012-05-03 10:12:03</pubDate>
			<source>甘肃福彩</source>
			<summary><![CDATA[据了解，兰州的两位幸运彩民喜获3D大奖，其中一位彩民连续购买了两张100元单式50倍倍投彩票斩获大奖10万元，中出大奖的投注站是城关区嘉峪关东路宏利彩吧62012798号投注站；另一位中奖彩民通过一张100元单式50倍倍投彩票喜获大奖5万元，中出大奖的投注站是兰州市永登县秦川镇五道岘村62017012号投注站；白银的中奖彩民连续购买了两张单选组合加50倍倍投彩票，斩获大奖10万元，中出大奖的]]></summary>
		</item>


	</channel>
</rss>